scmadmin@xaraya.com                     = SCM manager <scmadmin@xaraya.com>
root@sasquatch.pulpcontent.com          = SCM manager <scmadmin@xaraya.com>
acazzaniga@fastwebnet.it                = Alberto Cazzaniga <acazzaniga@fastwebnet.it>
alberto@ftb.                            = Alberto Cazzaniga <acazzaniga@fastwebnet.it>
alberto@home.                           = Alberto Cazzaniga <acazzaniga@fastwebnet.it>
dracos@mordor.arda                      = Marty Vance <dracos@thedragonsforce.com>
Dracos@numenor.                         = Marty Vance <dracos@thedragonsforce.com>
dracos@numenor.                         = Marty Vance <dracos@thedragonsforce.com>
marty.vance@gmail.com                   = Marty Vance <dracos@thedragonsforce.com>
marcel@faraday.hsdev.com                = Marcel van der Boom <marcel@hsdev.com>
marcel@hawking.hsdev.com                = Marcel van der Boom <marcel@hsdev.com>
marcel@hsdev.com                        = Marcel van der Boom <marcel@hsdev.com>
marcel@knuth.hsdev.com                  = Marcel van der Boom <marcel@hsdev.com>
marcel@newton.xaraya.com                = Marcel van der Boom <marcel@hsdev.com>
marcel@ohm.                             = Marcel van der Boom <marcel@hsdev.com>
marcel@ohm.hsdev.com                    = Marcel van der Boom <marcel@hsdev.com>
marcel@plato.hsdev.com                  = Marcel van der Boom <marcel@hsdev.com>
marcel@powerbook.local                  = Marcel van der Boom <marcel@hsdev.com>
marcel@sasquatch.pulpcontent.com        = Marcel van der Boom <marcel@hsdev.com>
mrb@duel.hsdev.com                      = Marcel van der Boom <marcel@hsdev.com>
mrb@fully.qualified.hostname            = Marcel van der Boom <marcel@hsdev.com>
root@duel.hsdev.com                     = Marcel van der Boom <marcel@hsdev.com>
Marc.Lutolf@sarek.                      = Marc Lütolf <mfl@netspan.ch>
random@megaflex.netspan.ch              = Marc Lütolf <mfl@netspan.ch>
marc@marclaptop.                        = Marc Lütolf <mfl@netspan.ch>
mfl@netspan.ch                          = Marc Lütolf <mfl@netspan.ch>
judgej@acad-ajp.                        = Jason Judge <jason.judgej@academe.co.uk>
judgej@acadweb.co.uk                    = Jason Judge <jason.judgej@academe.co.uk>
judgej@sme2.acadweb.co.uk               = Jason Judge <jason.judgej@academe.co.uk>
judgej@xaraya.com                       = Jason Judge <jason.judgej@academe.co.uk>
Jason.Judge@acad-ajp.                   = Jason Judge <jason.judgej@academe.co.uk>
ccorliss@lxwdev-1.schwabfoundation.org  = Carl Corliss <rabbitt@xaraya.com>
ccorliss@nioka.schwabfoundation.org     = Carl Corliss <rabbitt@xaraya.com>
ccorliss@schwabfoundation.org           = Carl Corliss <rabbitt@xaraya.com>
rabbitt@newton.xaraya.com               = Carl Corliss <rabbitt@xaraya.com>
rabbitt@nioka.miragelab.com             = Carl Corliss <rabbitt@xaraya.com>
rabbitt@nioka.tranquillo.net            = Carl Corliss <rabbitt@xaraya.com>
rabbitt@shiva.nioka.org                 = Carl Corliss <rabbitt@xaraya.com>
Rabbitt@sidhartha.                      = Carl Corliss <rabbitt@xaraya.com>
rabbitt@xaraya.com                      = Carl Corliss <rabbitt@xaraya.com>
johnny@echo.pengo.lan                   = Johnny Robeson <johnny@localmomentum.net>
johnny@falling.local.lan                = Johnny Robeson <johnny@localmomentum.net>
johnny@falling.pengo.lan                = Johnny Robeson <johnny@localmomentum.net>
johnny@localmomentum.net                = Johnny Robeson <johnny@localmomentum.net>
johnny@localmomentum.net                = Johnny Robeson <johnny@localmomentum.net>
andyv@andyv.homeunix.com                = Andy Varganov <andyv@andyv.plus.com>
andyv@andyv.local                       = Andy Varganov <andyv@andyv.plus.com>
andyv@andyv.plus.com                    = Andy Varganov <andyv@andyv.plus.com>
andyv@xaraya.com                        = Andy Varganov <andyv@andyv.plus.com>
Andrew.Vogel@drewbox.                   = Andrew Vogel <andrew.vogel@uc.edu>
andrew@gcell.net                        = Andrew Vogel <andrew.vogel@uc.edu>
VOGELAP@vogelap.pharmacy.ad.uc.edu      = Andrew Vogel <andrew.vogel@uc.edu>
dudleyc@bar.                            = Chris Dudley <miko@xaraya.com>
dudleyc@pub.hursley.ibm.com             = Chris Dudley <miko@xaraya.com>
miko@chris-dudleys-computer.local       = Chris Dudley <miko@xaraya.com>
miko@miko.homelinux.org                 = Chris Dudley <miko@xaraya.com>
miko@newton.xaraya.com                  = Chris Dudley <miko@xaraya.com>
miko@power.dudleynet                    = Chris Dudley <miko@xaraya.com>
miko@pub.hursley.ibm.com                = Chris Dudley <miko@xaraya.com>
miko@server.(none)                      = Chris Dudley <miko@xaraya.com>
miko@xaraya.com                         = Chris Dudley <miko@xaraya.com>
rothfuss@comic.abstrakt.ch              = Gregor Rothfuss <gregor@apache.org>
rothfuss@lasagne.abstrakt.ch            = Gregor Rothfuss <gregor@apache.org>
rothfuss@lasagne.wg.abstrakt.ch         = Gregor Rothfuss <gregor@apache.org>
rcave@lxwdev-1.schwabfoundation.org     = Richard Cave <rich.cave@gmail.com>
rcave@rcave01.schwabfoundation.org      = Richard Cave <rich.cave@gmail.com>
rcave@thingtwo.rhetoric.com             = Richard Cave <rich.cave@gmail.com>
caveman@rcave01.schwabfoundation.org    = Richard Cave <rich.cave@gmail.com>
rolf@karu.nl                            = Rolf Meijer <rolf@karu.nl>
paul@beingeaten.com                     = Paul Rosania <paul@beingeaten.com>
paul@dhcp-144-212.kiewit.dartmouth.edu  = Paul Rosania <paul@beingeaten.com>
paul@paul_rosania.ri.cox.net            = Paul Rosania <paul@beingeaten.com>
paul@quidam.                            = Paul Rosania <paul@beingeaten.com>
paul@tomorrow.local.lan                 = Paul Rosania <paul@beingeaten.com>
flavio@xbotelho.unb.br                  = Flávio Borges Botelho <nuncanada@ig.com.br>
nuncanada@botelho2.(none)               = Flávio Borges Botelho <nuncanada@ig.com.br>
nuncanada@fbotelho.                     = Flávio Borges Botelho <nuncanada@ig.com.br>
nuncanada@fbotelho.fbotelho             = Flávio Borges Botelho <nuncanada@ig.com.br>
nuncanada@flavinho.bsb.virtua.com.br    = Flávio Borges Botelho <nuncanada@ig.com.br>
nuncanada@h0ly.                         = Flávio Borges Botelho <nuncanada@ig.com.br>
nuncanada@h0ly.(none)                   = Flávio Borges Botelho <nuncanada@ig.com.br>
nuncanada@ng0.(none)                    = Flávio Borges Botelho <nuncanada@ig.com.br>
nuncanada@ng0.speedy.com.br             = Flávio Borges Botelho <nuncanada@ig.com.br>
nuncanada@sjfkjklj.bsb.virtua.com.br    = Flávio Borges Botelho <nuncanada@ig.com.br>
nuncanada@xbotelho.unb.br               = Flávio Borges Botelho <nuncanada@ig.com.br>
jojodee@ahaadev.net                     = Joanna Dalle Nogare <jojodee@athomeandabout.com>
jojodee@hbwdev.net                      = Joanna Dalle Nogare <jojodee@athomeandabout.com>
jojodee@newton.xaraya.com               = Joanna Dalle Nogare <jojodee@athomeandabout.com>
jojodee@xaraya.com                      = Joanna Dalle Nogare <jojodee@athomeandabout.com>
jojodee@xaraya.com                      = Joanna Dalle Nogare <jojodee@athomeandabout.com>
ckraeft@xaraya.com                      = Chad Kraeft <ckraeft@xaraya.com>
cls@abomination.                        = Courtney Shrock <court@shrock.org>
court@xaraya.com                        = Courtney Shrock <court@shrock.org>
shrockc@inhs.org                        = Courtney Shrock <court@shrock.org>
jan@gigolo.(none)                       = Jan Schrage <jan@xaraya.com>
jan@gigolo.jschrage.de                  = Jan Schrage <jan@xaraya.com>
jan@jack.iwr.uni-heidelberg.de          = Jan Schrage <jan@xaraya.com>
jan@sasquatch.pulpcontent.com           = Jan Schrage <jan@xaraya.com>
schrage@jack.iwr.uni-heidelberg.de      = Jan Schrage <jan@xaraya.com>
jbeames@jbeames01.(none)                = Jonn Beames <jonn@beames.net>
jbeames@lxwdev-1.schwabfoundation.org   = Jonn Beames <jonn@beames.net>
jbeames@sting.in-beames.net             = Jonn Beames <jonn@beames.net>
jsb@jbeames01.(none)                    = Jonn Beames <jonn@beames.net>
jsb@lxwdev-1.schwabfoundation.org       = Jonn Beames <jonn@beames.net>
jsb@narcil.local                        = Jonn Beames <jonn@beames.net>
jsb@newton.xaraya.com                   = Jonn Beames <jonn@beames.net>
jsb@sting.beames.net                    = Jonn Beames <jonn@beames.net>
jsb@sting.in-beames.net                 = Jonn Beames <jonn@beames.net>
jcox@johnc_dell.openroad.com            = John Cox <niceguyeddie@xaraya.com>
jcox@johnc_dell.openroadserver.com      = John Cox <niceguyeddie@xaraya.com>
John.Cox@d38yrl11.                      = John Cox <niceguyeddie@xaraya.com>
John.Cox@mcnabb.                        = John Cox <niceguyeddie@xaraya.com>
niceguyeddie@xaraya.com                 = John Cox <niceguyeddie@xaraya.com>
kams@kams.(none)                        = Camille Perinel <camille@perinel.net>
kams@kams.local                         = Camille Perinel <camille@perinel.net>
kams@webu.homelinux.net                 = Camille Perinel <camille@perinel.net>
kams@webudev.(none)                     = Camille Perinel <camille@perinel.net>
michelv@xarayahosting.nl                = Michel Vorenhout <michelv@xarayahosting.nl>
marco.canini@fastwebnet.it              = Marco Canini <marco@xaraya.com>
marco@erika.(none)                      = Marco Canini <marco@xaraya.com>
marco@jabawack.canini.org               = Marco Canini <marco@xaraya.com>
besfred@chimera.(none)                  = Frank Besler <besfred@gmx.net>
besfred@ganymed.medusa                  = Frank Besler <besfred@gmx.net>
besfred@server.medusa                   = Frank Besler <besfred@gmx.net>
mcortez@ariel2.fullcoll.edu             = Michael Cortez <mcortez@ogexchange.com>
mcortez@krynn.                          = Michael Cortez <mcortez@ogexchange.com>
jlinowes@xaraya.com                     = Jonathan Linowes <jonathan@linowes.com>
mike@noc.emiga.de                       = Michael Härtl <mhaertl@emiga.de>
mikespub@fully.qualified.hostname       = Michel Dalle <xaraya@mikespub.net>
mikespub@newton.xaraya.com              = Michel Dalle <xaraya@mikespub.net>
mikespub@sasquatch.pulpcontent.com      = Michel Dalle <xaraya@mikespub.net>
mikespub@someone.bru.fsc.net            = Michel Dalle <xaraya@mikespub.net>
xaraya@mikespub.net                     = Michel Dalle <xaraya@mikespub.net>
BRUMDall@brumdall2m.bru.fsc.net         = Michel Dalle <xaraya@mikespub.net>
lm@demo.bitmover.com                    = Larry McVoy <lm@demo.bitmover.com>
iansym@howler.(none)                    = Roger Raymond <roger@asphyxia.com>
iansym@howler.asphyxia.com              = Roger Raymond <roger@asphyxia.com>
iansym@howler.asphyxia.com[besfred]     = Roger Raymond <roger@asphyxia.com>
iansym@howler.simiansynapse.com         = Roger Raymond <roger@asphyxia.com>
iansym@simiansynapse.com                = Roger Raymond <roger@asphyxia.com>
roger@asphyxia.com                      = Roger Raymond <roger@asphyxia.com>
roger@gravox.(none)                     = Roger Keays <rkeays@xaraya.com>
roger@gravox.ninthave.net               = Roger Keays <rkeays@xaraya.com>
rkeays@gravox.ninthave.net              = Roger Keays <rkeays@xaraya.com>
voll@magistr.center.parex.net           = Vladimir Metenchuks <voll@yahoo.com>
voll@medoc.solidno.ru                   = Vladimir Metenchuks <voll@yahoo.com>
voll@xaraya.com                         = Vladimir Metenchuks <voll@yahoo.com>
voll@yahoo.com                          = Vladimir Metenchuks <voll@yahoo.com>
strat@strat.com                         = Curtis Hayes <stratagem@irawk.com>
strat@stratagem.com                     = Curtis Hayes <stratagem@irawk.com>
stratagem@irawk.ath.cx                  = Curtis Hayes <stratagem@irawk.com>
baraboom@xaraya.com                     = Danial Barabas <baraboom@gmail.com>
curtis@farnham.com                      = Curtis Farnham <curtis@farnham.com>
sbrook@connor.                          = Sean Brook <sbrook@sbrook@homeip.net>
sbrook@sbrook.homeip.net                = Sean Brook <sbrook@sbrook@homeip.net>
sbrook@seanbrook.homeip.net             = Sean Brook <sbrook@sbrook@homeip.net>
brihana25@brihana2-n6mya4.              = Dorothy Crawford <bri@erfanfic.com>
pcrov@quidam.                           = Paul Crovella <paul_crovella@myrealbox.com>
root@bugsjr.(none)                      = Scot Gardner <scot@nukegeeks.com>
Scot.Gardner@ws75.                      = Scot Gardner <scot@nukegeeks.com>
XarayaGeek@bugsjr.(none)                = Scot Gardner <scot@nukegeeks.com>
garrett@mazrim.blacktower.com           = Garrett Hunter <garrett@blacktower.com>
garrett@orthanc.(none)                  = Garrett Hunter <garrett@blacktower.com>
garrett@orthanc.blacktower.com          = Garrett Hunter <garrett@blacktower.com>
m.lapshin@konliga.ru                    = Max Lapshin <m.lapshin@konliga.ru>
m.lapshin@marclaptop.                   = Max Lapshin <m.lapshin@konliga.ru>
amoro@spooky.                           = Andrea Moro <andrea.m@bufera.org>
Tabor@ttabor2.tallinnlv.ee              = Tormi Tabor <tormi.tabor@gmail.com>
jansenm@onslaught.local.michael-jansen.biz  = Michael Jansen <jansenm@michael-jansen.biz>
mjansen@onslaught.xmen.local                = Michael Jansen <jansenm@michael-jansen.biz>


